platform_type,sentiment_score
Dating,0.09065308641975307
Gaming,0.5095714285714286
InstantMessaging,0.03114400000000001
SocialMedia,-0.2726768844221106
